test_name,N,K,T,F_stat,p_value,mean_abs_alpha,mean_abs_t_alpha
Stocks_3Factor,25,3,341,1.4492664319790831,0.07915576015048065,0.12062767050402423,1.110368970234167
Stocks_5Factor,25,5,341,1.7871175366582401,0.013098081649833837,0.30121544728257044,1.119529383899032
Bonds_2Factor,7,2,341,1.7374547503620046,0.09944032638827804,0.004696376319094719,1.7720737547555157
Bonds_5Factor,7,5,341,1.37041101757362,0.21698635548134726,0.00393516328872204,1.482265362949865
All_5Factor,32,5,341,1.7405238284823639,0.009711434467237212,0.23618538515891607,1.1988778793164014
