test_name,N,K,T,F_stat,p_value,mean_abs_alpha,mean_abs_t_alpha
Stocks_3Factor,25,3,281,1.2805278970392984,0.17333874491650403,0.12183501985867733,0.9693369727452155
Stocks_5Factor,25,5,281,1.5501223572036906,0.04997405979937275,0.39091049865609706,1.0259283820620397
Bonds_2Factor,7,2,281,1.5184172409817578,0.16088223429030424,0.006395187002633023,1.6972254988169337
Bonds_5Factor,7,5,281,0.9757428511645619,0.4492150037174606,0.005425789879159127,1.448107383232411
All_5Factor,32,5,281,1.4384529338242393,0.06730320074288687,0.3065857186111419,1.1182800385680582
