test_name,N,K,T,F_stat,p_value,mean_abs_alpha,mean_abs_t_alpha
Stocks_3Factor,25,3,341,1.4391706071678414,0.0831090600418658,0.09137594005830942,1.1635955876914152
Stocks_5Factor,25,5,341,1.8186073786555617,0.010917282583581045,0.2083207927785126,1.0844932181902032
Bonds_2Factor,7,2,341,1.7374547503620046,0.09944032638827804,0.004696376319094719,1.7720737547555157
Bonds_5Factor,7,5,341,1.3558544260389058,0.2234068728462686,0.0038192074476287303,1.4304401610375788
All_5Factor,32,5,341,1.779162293017738,0.007465169515945891,0.16358607098738176,1.1601691119380664
